Dataset,Organism,Data,Num,Area,Median_TP,Median_AT,Median_AP,Median_Elevation,Median_AL,TP_Range,AT_Range,AP_Range,Elevation_Range,AL_Range,Remove,Reason,Skewness,Standard_Deviation,Outlier_Ratio,Relationship_Type,Deviance_Explained,Relationship_Type_FRic,Relationship_Type_FDis,Relationship_Type_Shannon
AP01,Aquatic Plants,Lake,18,18412.48764,168.5,10.61666679,517,84.5,46.954603,282,1.041666035,135,44,1.862428,FALSE,Processed,NA,0.549300184,0,Non-significant,14.1698822,Non-significant,Non-significant,Non-significant
AP02,Aquatic Plants,Lake,168,81801.30763,61.515875,7.98541689,695,17.5,56.06307809,1119,1.879166603,304,122,2.93088428,FALSE,Processed,NA,0.931187032,0.005952381,Negative Linear,3.278115289,Negative Linear,Negative Linear,Negative Linear
AP03,Aquatic Plants,Lake,150,273776.4931,24.465,2.793750048,612.5,105,62.63677405,121.83,6.84166646,224,263,7.98330655,FALSE,Processed,NA,0.844339878,0,Non-significant,1.55764515,Non-significant,Negative Linear,Non-significant
AP04,Aquatic Plants,River,122,252229.5048,43.605,3.024999977,612,82,62.80857256,208.4,6.604166747,202,293,8.27376112,FALSE,Processed,NA,0.975205051,0,Non-significant,1.806756959,Non-significant,Negative Linear,Non-significant
AP05,Aquatic Plants,Lake,60,176948.5563,32,2.787500024,621,102.5,62.57684806,117,4.758333326,168,201,6.05188698,FALSE,Processed,NA,0.91017224,0.016666667,Positive Linear,23.55035003,,,Positive Linear
AP06,Aquatic Plants,Lake,58,488867.9591,9,4.741666794,620.5,152,60.42005619,66.96,9.254166722,426,745,12.81785887,FALSE,Processed,NA,0.973786564,0,Positive Linear,9.24890715,,,Positive Linear
AP07,Aquatic Plants,Lake,59,139531.1268,67.5,6.270833015,711,326,45.43729592,421.6349207,5.166666746,179,274,4.5189155,FALSE,Processed,NA,0.977518039,0,Negative Linear,15.56081911,,,Negative Linear
AP08,Aquatic Plants,Lake,48,73127.34901,18,7.060416699,810,305,44.0743565,135,4.170833111,127,275,3.671491,FALSE,Processed,NA,0.701327229,0.020833333,Non-significant,3.832329788,,,Non-significant
BD01,Benthic Diatoms,River,45,19291.32591,5.55,22.61249924,2182,122,21.38422,115.735,8.69166755,4392,1106,2.41402,FALSE,Processed,NA,0.944484568,0.022222222,Non-significant,2.094157968,Non-significant,Non-significant,Non-significant
BD02,Benthic Diatoms,River,55,17921.59731,22.2,21.42916679,1622,859,21.81353,71.6,4.91666603,370,952,1.30592,FALSE,Processed,NA,0.590153941,0.018181818,Non-significant,0.203471063,Non-significant,Non-significant,Non-significant
BD03,Benthic Diatoms,River,26,1629.968664,45,18.48958302,1693,196,25.546665,235,2.82083321,207,301,0.58916,FALSE,Processed,NA,0.919882113,0,Non-significant,1.155171862,Non-significant,Unimodal,Non-significant
BD04,Benthic Diatoms,River,77,11028.46068,48.9,17.24583244,1500,101,29.06227,667.6,3.51666641,474,718,1.10947,FALSE,Processed,NA,1.159028757,0.025974026,Positive Linear,13.44092896,Non-significant,Negative Linear,Non-significant
BD05,Benthic Diatoms,River,56,8116.05436,71.85,12.3937502,651.5,711.5,34.065135,1444.2,4.933332439,145,1084,0.78519,FALSE,Processed,NA,1.010021077,0.017857143,Non-significant,3.597149757,Negative Linear,Negative Linear,Non-significant
BD06,Benthic Diatoms,River,31,17942.1363,22.7,-0.891666591,215,1396,47.97764,73.3,10.80416632,214,2147,1.99556,FALSE,Processed,NA,0.731923982,0.064516129,Non-significant,7.693425566,Non-significant,Non-significant,Unimodal
BD07,Benthic Diatoms,River,49,54057.08207,33.6175,3.483333349,640,97,61.70529,226.59375,3.579166889,87,194,3.05103,FALSE,Processed,NA,0.726078396,0.020408163,Non-significant,5.584305189,Negative Linear,Negative Linear,Non-significant
BD08,Benthic Diatoms,River,104,85007.59564,56.454375,3.01458335,585,73.5,62.68871854,356.27,3.583333492,202,215,4.70725838,FALSE,Processed,NA,0.991693596,0.038461538,Non-significant,0.158456299,Non-significant,Non-significant,Non-significant
BD09,Benthic Diatoms,River,45,53225.56847,37,1.691666603,842,363,65.04333333,107,7.404166699,1289,1249,2.46833334,FALSE,Processed,NA,0.543429095,0,Unimodal,19.32583354,Non-significant,Positive Linear,Non-significant
BD10,Benthic Diatoms,River,103,211510.3656,15,-0.679166734,552,185,66.28659459,188,6.766666412,291,333,9.71550175,FALSE,Processed,NA,1.132541988,0,Unimodal,13.33789544,Non-significant,Non-significant,Unimodal
BD11,Benthic Diatoms,River,147,10638.66303,42,15.52083302,1601,311,29.84069491,495,3.65416718,338,646,1.00534987,FALSE,Processed,NA,0.561800573,0.020408163,Positive Linear,5.011388909,Positive Linear,Positive Linear,Non-significant
BD12,Benthic Diatoms,River,152,21699.3037,100,7.625,779,227.5,41.34,2540,4.349999904,319,599,1.58,FALSE,Processed,NA,1.337962899,0,Negative Linear,8.330066189,Negative Linear,Non-significant,Unimodal
BD13,Benthic Diatoms,River,479,8101.836318,180,16.72500038,1245,6,29.8823,1927,4.8125,405,852,1.18837,FALSE,Processed,NA,0.709734386,0.004175365,Non-significant,0.664685218,Non-significant,Positive Linear,Non-significant
BD14,Benthic Diatoms,River,32,1061.696771,130.5,15.86250019,1268.5,65.5,30.67205,569,3.40833282,265,687,0.3946,FALSE,Processed,NA,0.455461353,0.03125,Unimodal,21.66526439,Positive Linear,Non-significant,Unimodal
BD15,Benthic Diatoms,River,19,225.7841081,272,17.25833321,1434,110,28.911,2804,0.9375,56,105,0.262,FALSE,Processed,NA,0.853919745,0.105263158,Non-significant,14.02118329,Non-significant,Unimodal,Non-significant
BD16,Benthic Diatoms,River,934,8444626.023,25.9045455,10.70416689,1001.5,216,40.66796612,816.290244,22.80833435,1958,2698,23.5773677,FALSE,Processed,NA,1.097145602,0,Unimodal,6.676261215,Unimodal,Unimodal,Unimodal
BD17,Benthic Diatoms,River,2645,675795.1089,70.000002,11,789,169,46.68972673,1119.999995,13.82916713,1060,2101,8.5985062,FALSE,Processed,NA,0.996009656,0.002268431,Unimodal,14.60891385,Unimodal,Unimodal,Unimodal
BD18,Benthic Diatoms,River,196,266196.4806,23,2.929166675,619,125,62.60667011,188,8.075000047,204,747,8.97391693,FALSE,Processed,NA,0.954832645,0.015306122,Inverted Unimodal,3.789719096,Non-significant,Positive Linear,Positive Linear
BD19,Benthic Diatoms,River,246,3598613.275,37.7,17.18125057,1482.5,559.5,29.0863,1459.6,28.76666641,1706,2635,27.52531,FALSE,Processed,NA,1.073153225,0.048780488,Non-significant,0.366309305,Unimodal,Non-significant,Non-significant
BD20,Benthic Diatoms,River,61,212.9132793,520,19.50416756,1068,1392,3.412446078,2230,6.20833206,534,1330,0.176263107,FALSE,Processed,NA,0.674894008,0,Non-significant,2.106400624,Non-significant,Non-significant,Non-significant
BM01,Benthic Macroinvertebrates,River,57,17922.6898,22.2,21.42083359,1618,863,21.81353,71.6,4.91666603,370,952,1.30592,FALSE,Processed,NA,0.588850206,0.01754386,Non-significant,4.168121077,Unimodal,Non-significant,Non-significant
BM02,Benthic Macroinvertebrates,River,33,3281.958178,30,18.44583321,1682,199,25.56389,235,3.00416565,207,336,1.08861,FALSE,Processed,NA,0.857410446,0,Negative Linear,39.63428347,Negative Linear,Non-significant,Negative Linear
BM03,Benthic Macroinvertebrates,River,79,10981.88172,47.3,17.33333397,1510,97,29.05232,1352.7,3.51666641,474,718,1.10947,FALSE,Processed,NA,1.166651651,0.075949367,Negative Linear,16.65111012,Negative Linear,Negative Linear,Negative Linear
BM04,Benthic Macroinvertebrates,River,55,8118.524362,70.9,12.38333321,652,718,34.06478,2666,4.933332439,145,1084,0.78519,FALSE,Processed,NA,1.075960331,0.036363636,Negative Linear,23.32433942,Negative Linear,Negative Linear,Negative Linear
BM05,Benthic Macroinvertebrates,River,37,18044.56806,24.6,-0.229166672,215,1384,47.97764,73.3,11.0041666,214,2164,1.99556,FALSE,Processed,NA,0.689515354,0.054054054,Non-significant,1.04664712,Non-significant,Non-significant,Non-significant
BM06,Benthic Macroinvertebrates,River,103,85006.7315,56.725,3.016666651,585,73,62.68731,354.145,3.583333492,202,215,4.70725981,FALSE,Processed,NA,0.894784809,0.038834951,Non-significant,0.48881527,Non-significant,Non-significant,Negative Linear
BM07,Benthic Macroinvertebrates,Lake,48,139.0824659,5.099580959,-0.877083272,573,256,66.36164024,32.60183075,0.354166567,18,123,0.09669611,FALSE,Processed,NA,0.544956964,0.083333333,Unimodal,18.44292985,Unimodal,Positive Linear,Unimodal
BM08,Benthic Macroinvertebrates,River,140,10639.05846,41.5,15.44374991,1603.5,317,29.8441313,495,3.65416718,338,643,1.00534987,FALSE,Processed,NA,0.557110178,0.021428571,Non-significant,0.765430711,Non-significant,Non-significant,Inverted Unimodal
BM09,Benthic Macroinvertebrates,River,164,21527.50742,100,7.650000095,784,232.5,41.23,2540,4.349999904,319,624,1.58,FALSE,Processed,NA,1.31498782,0,Non-significant,0.251602889,Unimodal,Non-significant,Non-significant
BM10,Benthic Macroinvertebrates,River,408,8000.649183,183,16.73333359,1245,6,29.882615,1927,4.77083397,402,852,1.18837,FALSE,Processed,NA,0.730686863,0.004901961,Negative Linear,1.318166382,Negative Linear,Negative Linear,Negative Linear
BM11,Benthic Macroinvertebrates,River,31,1047.142972,128,15.84583378,1271,68,30.6545,569,3.40833282,259,687,0.3802,FALSE,Processed,NA,0.462054409,0.032258065,Non-significant,9.297554828,Inverted Unimodal,Negative Linear,Non-significant
BM12,Benthic Macroinvertebrates,River,17,198.6020471,272,17.19583321,1433,112,28.936,2804,0.93333245,35,103,0.262,FALSE,Processed,NA,0.898505235,0.117647059,Negative Linear,17.28581015,Non-significant,Non-significant,Non-significant
BM13,Benthic Macroinvertebrates,Lake,967,9498900.831,39,9.137499809,860,335,41.4121,4127.5,25.75000012,2535,3718,22.98197578,FALSE,Processed,NA,1.286888186,0.012409514,Non-significant,0.26091602,Non-significant,Non-significant,Non-significant
BM14,Benthic Macroinvertebrates,River,1887,9723931.003,9.728,9.783333778,870,302,41.01905609,94.644,25.75000048,2987,3314,22.99219355,FALSE,Processed,NA,0.695860469,0.019077901,Negative Linear,1.659463841,Negative Linear,Negative Linear,Negative Linear
BM15,Benthic Macroinvertebrates,Lake,1079,9641952.845,33.04125,8.887499809,884,350,41.51882,11237.44125,26.54583239,2668,3600,22.90171,FALSE,Processed,NA,1.288606867,0.00463392,Unimodal,16.46271367,Unimodal,Unimodal,Unimodal
BM16,Benthic Macroinvertebrates,Lake,1004,9508182.801,43,8.75,838,336,41.473685,3632,26.21250009,2684,3840,22.91441,FALSE,Processed,NA,1.232256852,0.012948207,Unimodal,17.71760442,Unimodal,Unimodal,Unimodal
BM17,Benthic Macroinvertebrates,Lake,1044,8872939.646,24,9.058333397,867,370,41.4144988,4771,24.70416569,2415,3485,21.2370436,FALSE,Processed,NA,1.600518802,0.000957854,Unimodal,19.31037167,Unimodal,Negative Linear,Unimodal
BM18,Benthic Macroinvertebrates,River,2053,9290349.63,67,9.645833015,902,300,41.39887,6716,25.37083292,3241,3494,22.36786,FALSE,Processed,NA,1.10624633,0.016074038,Unimodal,14.13973272,Unimodal,Unimodal,Negative Linear
BM19,Benthic Macroinvertebrates,River,1666,9214809.134,70,9.939583302,950,267.5,41.202855,6716,23.61666638,2396,3035,22.36786,FALSE,Processed,NA,1.065460641,0.013805522,Unimodal,2.126143795,Negative Linear,Negative Linear,Unimodal
BM20,Benthic Macroinvertebrates,River,1092,8331420.651,24.5,9.535416604,838,457,40.3660085,5417,24.08749986,2302,3789,20.567403,FALSE,Processed,NA,1.541295564,0.007326007,Unimodal,12.76020397,Unimodal,Unimodal,Unimodal
BM21,Benthic Macroinvertebrates,River,40,56.93378494,150,25.16250038,2380,212,7.086166733,6900,0.12083435,46,23,0.138716057,FALSE,Processed,NA,0.89180714,0.175,Negative Linear,20.5841955,Negative Linear,Negative Linear,Negative Linear
BM22,Benthic Macroinvertebrates,River,10,309.3991817,4.062340651,17.41666603,1340.5,1773,0.502635,5.162601626,10.10416699,352,1758,0.16494,FALSE,Processed,NA,0.398435553,0,Non-significant,2.320440847,Non-significant,Non-significant,Non-significant
BM23,Benthic Macroinvertebrates,Lake,12,0.115150862,1680,18.80833244,980,1951,11.3859091,2920,1.62083435,30,302,0.01,FALSE,Processed,NA,0.529435522,0,Unimodal,58.48431795,Negative Linear,Negative Linear,Negative Linear
BM24,Benthic Macroinvertebrates,River,11,156098.7815,963.829024,13.07916641,1335,23,40.18674211,1894.45474,3.89583301,1187,204,8.84129286,FALSE,Processed,NA,0.910382755,0,Non-significant,33.46028381,Positive Linear,Non-significant,Negative Linear
BM25,Benthic Macroinvertebrates,Lake,28,31.78604859,220.5,5.224999905,643,29,60.203149,1246,0.483333111,26,36,0.064176,FALSE,Processed,NA,1.323424833,0,Positive Linear,13.65069776,Positive Linear,Unimodal,Unimodal
BM26,Benthic Macroinvertebrates,River,118,5103.859054,10,1.541666508,620,266,64.2562985,90,2.758333385,68,147,2.149681,FALSE,Processed,NA,0.420959599,0.008474576,Negative Linear,2.602474191,Non-significant,Non-significant,Non-significant
FI01,Fish,River,248,53603.66228,116.5,13.07916642,762,36.5,44.85408053,1670,3.97083377,735,701,1.81650155,FALSE,Processed,NA,0.980406817,0.004032258,Unimodal,5.461541381,Unimodal,Positive Linear,Unimodal
FI02,Fish,Lake,30,52928.9038,7,-1.458333314,469.5,255.5,68.83539005,45,2.608333267,193,686,3.12313891,FALSE,Processed,NA,0.881256445,0,Non-significant,4.45753246,Non-significant,Positive Linear,Positive Linear
FI03,Fish,River,147,21151.98764,100,7.650000095,770,208,41.3,2540,4.262499809,319,599,1.58,FALSE,Processed,NA,1.289538324,0,Non-significant,3.022911656,Non-significant,Positive Linear,Non-significant
FI04,Fish,River,1406,9499332.774,61.501,10.3083334,966,255.5,40.57838579,5058.596,23.77083386,2977,3123,22.99219355,FALSE,Processed,NA,1.206037698,0.004267425,Unimodal,3.895326988,Unimodal,Unimodal,Unimodal
FI05,Fish,River,1666,9214779.75,70,9.939583302,950,267.5,41.202855,6716,23.61666638,2396,3035,22.36786,FALSE,Processed,NA,1.065460641,0.013805522,Unimodal,2.126143795,Negative Linear,Negative Linear,Unimodal
FI06,Fish,River,1635,9318260.409,63.7256,11.05000019,986,245,39.74567177,5636.5936,22.97500074,2820,3047,23.14193041,FALSE,Processed,NA,1.256088959,0.014067278,Unimodal,2.10522496,Unimodal,Negative Linear,Unimodal
PP01,Phytoplankton,Lake,85,4452638.437,42.96,24.25833321,1247,58,7.64,601.59,10.9375,2732,840,32.2,FALSE,Processed,NA,0.834388082,0.011764706,Non-significant,0.367827305,Non-significant,Positive Linear,Inverted Unimodal
PP02,Phytoplankton,River,133,4621922.473,42,24.62916756,1491,55,10.82,303.61,10.64999962,2875,504,32.55,FALSE,Processed,NA,0.754597198,0,Non-significant,0.746994005,Positive Linear,Non-significant,Unimodal
PP03,Phytoplankton,River,178,25189.82315,29.82,20.97708321,1416,522.5,22.571404,434.41,10.8708334,909,1832,1.84212,FALSE,Processed,NA,0.993094336,0,Positive Linear,2.564668083,Non-significant,Non-significant,Non-significant
PP04,Phytoplankton,Lake,68,487822.9983,8.26,0.204166651,879,433,48.517685,28.995,10.6208334,720,798,9.33335,FALSE,Processed,NA,0.544976731,0,Non-significant,3.61741694,Non-significant,Non-significant,Non-significant
PP05,Phytoplankton,Lake,72,33591.55566,35.705,3.585416675,645.5,121,61.18746503,93.58,6.12499994,145,241,6.29412182,FALSE,Processed,NA,0.346022485,0.041666667,Non-significant,4.519556224,Positive Linear,Non-significant,Unimodal
PP06,Phytoplankton,Lake,3769,343318.9983,18,2.891666651,623,116,62.52328824,458.5,7.991666556,307,645,9.9048603,FALSE,Processed,NA,0.925892047,0.001591934,Unimodal,9.886482023,Unimodal,Unimodal,Unimodal
PP07,Phytoplankton,Lake,1085,9629865.177,33.2,8.887499809,872,351,41.48876,11237.44125,26.64583254,2668,3600,22.90171,FALSE,Processed,NA,1.2889074,0.005529954,Unimodal,1.84231198,Positive Linear,Inverted Unimodal,Unimodal
PP08,Phytoplankton,Lake,1036,9533328.94,43,8.745833397,841,340,41.48791,3632,26.21250009,2684,3840,22.91441,FALSE,Processed,NA,1.240222052,0.011583012,Unimodal,2.963965331,Non-significant,Negative Linear,Negative Linear
PP09,Phytoplankton,Lake,116,251855.2482,90,7.508333206,557.5,128.5,53.4731,1020,3.333333493,332,255,4.4135,FALSE,Processed,NA,0.986066648,0.00862069,Unimodal,3.235008683,Unimodal,Positive Linear,Non-significant
PP10,Phytoplankton,Lake,19,2694.388262,47.684,16.0625,918,143,32.727086,57.34,0.90833378,109,193,0.537813,FALSE,Processed,NA,0.37662226,0,Non-significant,4.162813137,Positive Linear,Non-significant,Unimodal
PP11,Phytoplankton,Lake,15,2693.707913,17.3444,16.08333397,908,143,32.77149,129.1652,0.90833378,109,193,0.537813,FALSE,Processed,NA,0.726893931,0.133333333,Non-significant,7.871104369,Non-significant,Non-significant,Non-significant
PP12,Phytoplankton,Lake,34,2670.572403,15.2174,16.0625,908,136,32.727086,29.3004,0.90833378,109,193,0.537813,FALSE,Processed,NA,0.442229359,0,Non-significant,2.601133064,Non-significant,Non-significant,Positive Linear
ZP01,Zooplankton,River,147,10640.48297,42,15.52083302,1601,311,29.84069491,495,3.65416718,338,646,1.00534987,FALSE,Processed,NA,0.561800573,0.020408163,Non-significant,0.82698635,Non-significant,Non-significant,Negative Linear
ZP02,Zooplankton,Lake,132,507723.4933,8.7065,-0.07083334,929,484,49.08964,42.147,10.6208334,745,798,9.33335,FALSE,Processed,NA,0.565425869,0.015151515,Negative Linear,3.950999558,Non-significant,Non-significant,Non-significant
ZP03,Zooplankton,Lake,72,33594.76952,35.705,3.585416675,645.5,121,61.18746503,93.58,6.12499994,145,241,6.29412182,FALSE,Processed,NA,0.346022485,0.041666667,Non-significant,0.207711484,Non-significant,Non-significant,Non-significant
ZP04,Zooplankton,Lake,974,9498886.226,38.6,9.179166794,864,334,41.39636486,4127.5,26.08333409,2535,3718,22.98197578,FALSE,Processed,NA,1.286462721,0.011293634,Non-significant,0.082629633,Non-significant,Non-significant,Non-significant
ZP05,Zooplankton,Lake,1096,9641916.521,32.9475,8.902083397,877.5,351,41.51501,11237.44125,26.64583254,2668,3600,22.90171,FALSE,Processed,NA,1.289540473,0.004562044,Unimodal,3.658055963,Non-significant,Positive Linear,Unimodal
ZP06,Zooplankton,Lake,1037,9533364.761,43,8.745833397,841,340,41.47612,3632,26.21250009,2684,3840,22.91441,FALSE,Processed,NA,1.238123563,0.012536162,Unimodal,3.944867216,Unimodal,Unimodal,Negative Linear
ZP07,Zooplankton,Lake,36,6590.705471,15.28,-9.462499619,225,33.5,68.65884153,34.344,2.558333396,163,105,2.02936712,FALSE,Processed,NA,0.380556626,0,Non-significant,5.355627256,Non-significant,Negative Linear,Non-significant
ZP08,Zooplankton,Lake,20,1565.296186,36.5,16.07291699,912,139.5,32.6986035,431,0.8083334,109,193,0.537813,FALSE,Processed,NA,1.245430006,0,Non-significant,5.522576407,Non-significant,Non-significant,Non-significant
ZP09,Zooplankton,Lake,20,1565.844629,20,16.07291699,912,139.5,32.6986035,158,0.8083334,109,193,0.537813,FALSE,Processed,NA,0.70933979,0.45,Non-significant,2.157855324,Non-significant,Non-significant,Non-significant
