Dataset,Organism,Group,Data,Num,Area,Median_TP,Median_AT,Median_AP,Median_Elevation,Median_AL,TP_Range,AT_Range,AP_Range,Elevation_Range,AL_Range,Relationship_Type,Relationship_Type_Shannon,Relationship_Type_FRic,Relationship_Type_FDis
BM23,Benthic Macroinvertebrate,Consumer,Lake,12,0.115150862,1680,18.80833244,980,1951,11.3859091,2920,1.62083435,30,302,0.01,Unimodal,Negative Linear,Negative Linear,Negative Linear
BM25,Benthic Macroinvertebrate,Consumer,Lake,28,31.78604859,220.5,5.224999905,643,29,60.203149,1246,0.483333111,26,36,0.064176,Positive Linear,Unimodal,Positive Linear,Unimodal
BM21,Benthic Macroinvertebrate,Consumer,River,40,56.93378494,150,25.16250038,2380,212,7.086166733,6900,0.12083435,46,23,0.138716057,Negative Linear,Negative Linear,Negative Linear,Negative Linear
BM07,Benthic Macroinvertebrate,Consumer,Lake,48,139.0824659,5.099580959,-0.877083272,573,256,66.36164024,32.60183075,0.354166567,18,123,0.09669611,Unimodal,Unimodal,Unimodal,Positive Linear
BM12,Benthic Macroinvertebrate,Consumer,River,17,198.6020471,272,17.19583321,1433,112,28.936,2804,0.93333245,35,103,0.262,Negative Linear,Non-significant,Non-significant,Non-significant
BD20,Benthic Diatom,Producer,River,61,212.9132793,520,19.50416756,1068,1392,3.412446078,2230,6.20833206,534,1330,0.176263107,Non-significant,Non-significant,Non-significant,Non-significant
BD15,Benthic Diatom,Producer,River,19,225.7841081,272,17.25833321,1434,110,28.911,2804,0.9375,56,105,0.262,Non-significant,Non-significant,Non-significant,Unimodal
BM22,Benthic Macroinvertebrate,Consumer,River,10,309.3991817,4.062340651,17.41666603,1340.5,1773,0.502635,5.162601626,10.10416699,352,1758,0.16494,Non-significant,Non-significant,Non-significant,Non-significant
BM11,Benthic Macroinvertebrate,Consumer,River,31,1047.142972,128,15.84583378,1271,68,30.6545,569,3.40833282,259,687,0.3802,Non-significant,Non-significant,Inverted Unimodal,Negative Linear
BD14,Benthic Diatom,Producer,River,32,1061.696771,130.5,15.86250019,1268.5,65.5,30.67205,569,3.40833282,265,687,0.3946,Unimodal,Unimodal,Positive Linear,Non-significant
ZP08,Zooplankton,Consumer,Lake,20,1565.296186,36.5,16.07291699,912,139.5,32.6986035,431,0.8083334,109,193,0.537813,Non-significant,Non-significant,Non-significant,Non-significant
ZP09,Zooplankton,Consumer,Lake,20,1565.844629,20,16.07291699,912,139.5,32.6986035,158,0.8083334,109,193,0.537813,Non-significant,Non-significant,Non-significant,Non-significant
BD03,Benthic Diatom,Producer,River,26,1629.968664,45,18.48958302,1693,196,25.546665,235,2.82083321,207,301,0.58916,Non-significant,Non-significant,Non-significant,Unimodal
PP12,Phytoplankton,Producer,Lake,34,2670.572403,15.2174,16.0625,908,136,32.727086,29.3004,0.90833378,109,193,0.537813,Non-significant,Positive Linear,Non-significant,Non-significant
PP11,Phytoplankton,Producer,Lake,15,2693.707913,17.3444,16.08333397,908,143,32.77149,129.1652,0.90833378,109,193,0.537813,Non-significant,Non-significant,Non-significant,Non-significant
PP10,Phytoplankton,Producer,Lake,19,2694.388262,47.684,16.0625,918,143,32.727086,57.34,0.90833378,109,193,0.537813,Non-significant,Unimodal,Positive Linear,Non-significant
BM02,Benthic Macroinvertebrate,Consumer,River,33,3281.958178,30,18.44583321,1682,199,25.56389,235,3.00416565,207,336,1.08861,Negative Linear,Negative Linear,Negative Linear,Non-significant
BM26,Benthic Macroinvertebrate,Consumer,River,118,5103.859054,10,1.541666508,620,266,64.2562985,90,2.758333385,68,147,2.149681,Negative Linear,Non-significant,Non-significant,Non-significant
ZP07,Zooplankton,Consumer,Lake,36,6590.705471,15.28,-9.462499619,225,33.5,68.65884153,34.344,2.558333396,163,105,2.02936712,Non-significant,Non-significant,Non-significant,Negative Linear
BM10,Benthic Macroinvertebrate,Consumer,River,408,8000.649183,183,16.73333359,1245,6,29.882615,1927,4.77083397,402,852,1.18837,Negative Linear,Negative Linear,Negative Linear,Negative Linear
BD13,Benthic Diatom,Producer,River,479,8101.836318,180,16.72500038,1245,6,29.8823,1927,4.8125,405,852,1.18837,Non-significant,Non-significant,Non-significant,Positive Linear
BD05,Benthic Diatom,Producer,River,56,8116.05436,71.85,12.3937502,651.5,711.5,34.065135,1444.2,4.933332439,145,1084,0.78519,Non-significant,Non-significant,Negative Linear,Negative Linear
BM04,Benthic Macroinvertebrate,Consumer,River,55,8118.524362,70.9,12.38333321,652,718,34.06478,2666,4.933332439,145,1084,0.78519,Negative Linear,Negative Linear,Negative Linear,Negative Linear
BD11,Benthic Diatom,Producer,River,147,10638.66303,42,15.52083302,1601,311,29.84069491,495,3.65416718,338,646,1.00534987,Positive Linear,Non-significant,Positive Linear,Positive Linear
BM08,Benthic Macroinvertebrate,Consumer,River,140,10639.05846,41.5,15.44374991,1603.5,317,29.8441313,495,3.65416718,338,643,1.00534987,Non-significant,Inverted Unimodal,Non-significant,Non-significant
ZP01,Zooplankton,Consumer,River,147,10640.48297,42,15.52083302,1601,311,29.84069491,495,3.65416718,338,646,1.00534987,Non-significant,Negative Linear,Non-significant,Non-significant
BM03,Benthic Macroinvertebrate,Consumer,River,79,10981.88172,47.3,17.33333397,1510,97,29.05232,1352.7,3.51666641,474,718,1.10947,Negative Linear,Negative Linear,Negative Linear,Negative Linear
BD04,Benthic Diatom,Producer,River,77,11028.46068,48.9,17.24583244,1500,101,29.06227,667.6,3.51666641,474,718,1.10947,Positive Linear,Non-significant,Non-significant,Negative Linear
BD02,Benthic Diatom,Producer,River,55,17921.59731,22.2,21.42916679,1622,859,21.81353,71.6,4.91666603,370,952,1.30592,Non-significant,Non-significant,Non-significant,Non-significant
BM01,Benthic Macroinvertebrate,Consumer,River,57,17922.6898,22.2,21.42083359,1618,863,21.81353,71.6,4.91666603,370,952,1.30592,Non-significant,Non-significant,Unimodal,Non-significant
BD06,Benthic Diatom,Producer,River,31,17942.1363,22.7,-0.891666591,215,1396,47.97764,73.3,10.80416632,214,2147,1.99556,Non-significant,Unimodal,Non-significant,Non-significant
BM05,Benthic Macroinvertebrate,Consumer,River,37,18044.56806,24.6,-0.229166672,215,1384,47.97764,73.3,11.0041666,214,2164,1.99556,Non-significant,Non-significant,Non-significant,Non-significant
AP01,Aquatic Plant,Producer,Lake,18,18412.48764,168.5,10.61666679,517,84.5,46.954603,282,1.041666035,135,44,1.862428,Non-significant,Non-significant,Non-significant,Non-significant
BD01,Benthic Diatom,Producer,River,45,19291.32591,5.55,22.61249924,2182,122,21.38422,115.735,8.69166755,4392,1106,2.41402,Non-significant,Non-significant,Non-significant,Non-significant
FI03,Fish,Consumer,River,147,21151.98764,100,7.650000095,770,208,41.3,2540,4.262499809,319,599,1.58,Non-significant,Non-significant,Non-significant,Positive Linear
BM09,Benthic Macroinvertebrate,Consumer,River,164,21527.50742,100,7.650000095,784,232.5,41.23,2540,4.349999904,319,624,1.58,Non-significant,Non-significant,Unimodal,Non-significant
BD12,Benthic Diatom,Producer,River,152,21699.3037,100,7.625,779,227.5,41.34,2540,4.349999904,319,599,1.58,Negative Linear,Unimodal,Negative Linear,Non-significant
PP03,Phytoplankton,Producer,River,178,25189.82315,29.82,20.97708321,1416,522.5,22.571404,434.41,10.8708334,909,1832,1.84212,Positive Linear,Non-significant,Non-significant,Non-significant
PP05,Phytoplankton,Producer,Lake,72,33591.55566,35.705,3.585416675,645.5,121,61.18746503,93.58,6.12499994,145,241,6.29412182,Non-significant,Unimodal,Positive Linear,Non-significant
ZP03,Zooplankton,Consumer,Lake,72,33594.76952,35.705,3.585416675,645.5,121,61.18746503,93.58,6.12499994,145,241,6.29412182,Non-significant,Non-significant,Non-significant,Non-significant
FI02,Fish,Consumer,Lake,30,52928.9038,7,-1.458333314,469.5,255.5,68.83539005,45,2.608333267,193,686,3.12313891,Non-significant,Positive Linear,Non-significant,Positive Linear
BD09,Benthic Diatom,Producer,River,45,53225.56847,37,1.691666603,842,363,65.04333333,107,7.404166699,1289,1249,2.46833334,Unimodal,Non-significant,Non-significant,Positive Linear
FI01,Fish,Consumer,River,248,53603.66228,116.5,13.07916642,762,36.5,44.85408053,1670,3.97083377,735,701,1.81650155,Unimodal,Unimodal,Unimodal,Positive Linear
BD07,Benthic Diatom,Producer,River,49,54057.08207,33.6175,3.483333349,640,97,61.70529,226.59375,3.579166889,87,194,3.05103,Non-significant,Non-significant,Negative Linear,Negative Linear
AP08,Aquatic Plant,Producer,Lake,48,73127.34901,18,7.060416699,810,305,44.0743565,135,4.170833111,127,275,3.671491,Non-significant,,Non-significant,
AP02,Aquatic Plant,Producer,Lake,168,81801.30763,61.515875,7.98541689,695,17.5,56.06307809,1119,1.879166603,304,122,2.93088428,Negative Linear,Negative Linear,Negative Linear,Negative Linear
BM06,Benthic Macroinvertebrate,Consumer,River,103,85006.7315,56.725,3.016666651,585,73,62.68731,354.145,3.583333492,202,215,4.70725981,Non-significant,Negative Linear,Non-significant,Non-significant
BD08,Benthic Diatom,Producer,River,104,85007.59564,56.454375,3.01458335,585,73.5,62.68871854,356.27,3.583333492,202,215,4.70725838,Non-significant,Non-significant,Non-significant,Non-significant
AP07,Aquatic Plant,Producer,Lake,59,139531.1268,67.5,6.270833015,711,326,45.43729592,421.6349207,5.166666746,179,274,4.5189155,Negative Linear,,Unimodal,
BM24,Benthic Macroinvertebrate,Consumer,River,11,156098.7815,963.829024,13.07916641,1335,23,40.18674211,1894.45474,3.89583301,1187,204,8.84129286,Non-significant,Negative Linear,Positive Linear,Non-significant
AP05,Aquatic Plant,Producer,Lake,60,176948.5563,32,2.787500024,621,102.5,62.57684806,117,4.758333326,168,201,6.05188698,Positive Linear,,Positive Linear,
BD10,Benthic Diatom,Producer,River,103,211510.3656,15,-0.679166734,552,185,66.28659459,188,6.766666412,291,333,9.71550175,Unimodal,Unimodal,Non-significant,Non-significant
PP09,Phytoplankton,Producer,Lake,116,251855.2482,90,7.508333206,557.5,128.5,53.4731,1020,3.333333493,332,255,4.4135,Unimodal,Non-significant,Unimodal,Positive Linear
AP04,Aquatic Plant,Producer,River,122,252229.5048,43.605,3.024999977,612,82,62.80857256,208.4,6.604166747,202,293,8.27376112,Non-significant,Non-significant,Non-significant,Negative Linear
BD18,Benthic Diatom,Producer,River,196,266196.4806,23,2.929166675,619,125,62.60667011,188,8.075000047,204,747,8.97391693,Inverted Unimodal,Positive Linear,Non-significant,Positive Linear
AP03,Aquatic Plant,Producer,Lake,150,273776.4931,24.465,2.793750048,612.5,105,62.63677405,121.83,6.84166646,224,263,7.98330655,Non-significant,Non-significant,Non-significant,Negative Linear
PP06,Phytoplankton,Producer,Lake,3769,343318.9983,18,2.891666651,623,116,62.52328824,458.5,7.991666556,307,645,9.9048603,Unimodal,,Unimodal,
PP04,Phytoplankton,Producer,Lake,68,487822.9983,8.26,0.204166651,879,433,48.517685,28.995,10.6208334,720,798,9.33335,Non-significant,Non-significant,Non-significant,Non-significant
AP06,Aquatic Plant,Producer,Lake,58,488867.9591,9,4.741666794,620.5,152,60.42005619,66.96,9.254166722,426,745,12.81785887,Positive Linear,,Positive Linear,
ZP02,Zooplankton,Consumer,Lake,132,507723.4933,8.7065,-0.07083334,929,484,49.08964,42.147,10.6208334,745,798,9.33335,Negative Linear,Non-significant,Non-significant,Non-significant
BD17,Benthic Diatom,Producer,River,2645,675795.1089,70.000002,11,789,169,46.68972673,1119.999995,13.82916713,1060,2101,8.5985062,Unimodal,Unimodal,Unimodal,Unimodal
BD19,Benthic Diatom,Producer,River,246,3598613.275,37.7,17.18125057,1482.5,559.5,29.0863,1459.6,28.76666641,1706,2635,27.52531,Non-significant,Non-significant,Unimodal,Non-significant
PP01,Phytoplankton,Producer,Lake,85,4452638.437,42.96,24.25833321,1247,58,7.64,601.59,10.9375,2732,840,32.2,Non-significant,Inverted Unimodal,Non-significant,Positive Linear
PP02,Phytoplankton,Producer,River,133,4621922.473,42,24.62916756,1491,55,10.82,303.61,10.64999962,2875,504,32.55,Non-significant,Unimodal,Positive Linear,Non-significant
BM20,Benthic Macroinvertebrate,Consumer,River,1092,8331420.651,24.5,9.535416604,838,457,40.3660085,5417,24.08749986,2302,3789,20.567403,Unimodal,Unimodal,Unimodal,Unimodal
BD16,Benthic Diatom,Producer,River,934,8444626.023,25.9045455,10.70416689,1001.5,216,40.66796612,816.290244,22.80833435,1958,2698,23.5773677,Unimodal,Unimodal,Unimodal,Unimodal
BM17,Benthic Macroinvertebrate,Consumer,Lake,1044,8872939.646,24,9.058333397,867,370,41.4144988,4771,24.70416569,2415,3485,21.2370436,Unimodal,Unimodal,Unimodal,Negative Linear
FI05,Fish,Consumer,River,1666,9214779.75,70,9.939583302,950,267.5,41.202855,6716,23.61666638,2396,3035,22.36786,Unimodal,Unimodal,Negative Linear,Negative Linear
BM19,Benthic Macroinvertebrate,Consumer,River,1666,9214809.134,70,9.939583302,950,267.5,41.202855,6716,23.61666638,2396,3035,22.36786,Unimodal,Unimodal,Negative Linear,Negative Linear
BM18,Benthic Macroinvertebrate,Consumer,River,2053,9290349.63,67,9.645833015,902,300,41.39887,6716,25.37083292,3241,3494,22.36786,Unimodal,Negative Linear,Unimodal,Unimodal
FI06,Fish,Consumer,River,1635,9318260.409,63.7256,11.05000019,986,245,39.74567177,5636.5936,22.97500074,2820,3047,23.14193041,Unimodal,Unimodal,Unimodal,Negative Linear
ZP04,Zooplankton,Consumer,Lake,974,9498886.226,38.6,9.179166794,864,334,41.39636486,4127.5,26.08333409,2535,3718,22.98197578,Non-significant,Non-significant,Non-significant,Non-significant
BM13,Benthic Macroinvertebrate,Consumer,Lake,967,9498900.831,39,9.137499809,860,335,41.4121,4127.5,25.75000012,2535,3718,22.98197578,Non-significant,Non-significant,Non-significant,Non-significant
FI04,Fish,Consumer,River,1406,9499332.774,61.501,10.3083334,966,255.5,40.57838579,5058.596,23.77083386,2977,3123,22.99219355,Unimodal,Unimodal,Unimodal,Unimodal
BM16,Benthic Macroinvertebrate,Consumer,Lake,1004,9508182.801,43,8.75,838,336,41.473685,3632,26.21250009,2684,3840,22.91441,Unimodal,Unimodal,Unimodal,Unimodal
PP08,Phytoplankton,Producer,Lake,1036,9533328.94,43,8.745833397,841,340,41.48791,3632,26.21250009,2684,3840,22.91441,Unimodal,Negative Linear,Non-significant,Negative Linear
ZP06,Zooplankton,Consumer,Lake,1037,9533364.761,43,8.745833397,841,340,41.47612,3632,26.21250009,2684,3840,22.91441,Unimodal,Negative Linear,Unimodal,Unimodal
PP07,Phytoplankton,Producer,Lake,1085,9629865.177,33.2,8.887499809,872,351,41.48876,11237.44125,26.64583254,2668,3600,22.90171,Unimodal,Unimodal,Positive Linear,Inverted Unimodal
ZP05,Zooplankton,Consumer,Lake,1096,9641916.521,32.9475,8.902083397,877.5,351,41.51501,11237.44125,26.64583254,2668,3600,22.90171,Unimodal,Unimodal,Non-significant,Positive Linear
BM15,Benthic Macroinvertebrate,Consumer,Lake,1079,9641952.845,33.04125,8.887499809,884,350,41.51882,11237.44125,26.54583239,2668,3600,22.90171,Unimodal,Unimodal,Unimodal,Unimodal
BM14,Benthic Macroinvertebrate,Consumer,River,1887,9723931.003,9.728,9.783333778,870,302,41.01905609,94.644,25.75000048,2987,3314,22.99219355,Negative Linear,Negative Linear,Negative Linear,Negative Linear
